{"confidence":0.8550188541412354,"emotion":"neutral","processing_time_ms":8076.627969741821,"scores":{"angry":0.02636038139462471,"happy":0.11856582015752792,"neutral":0.8550188541412354,"sad":5.497341408045031e-05}}
