{"confidence":0.5575008988380432,"emotion":"neutral","processing_time_ms":2144.520044326782,"scores":{"angry":0.0029704526532441378,"happy":0.43590018153190613,"neutral":0.5575008988380432,"sad":0.0036284641828387976}}
