{"confidence":0.5506892204284668,"emotion":"happy","processing_time_ms":1734.7829341888428,"scores":{"angry":0.015066603198647499,"happy":0.5506892204284668,"neutral":0.42433762550354004,"sad":0.009906526654958725}}
