{"confidence":0.8214380741119385,"emotion":"neutral","processing_time_ms":1662.071943283081,"scores":{"angry":0.024956809356808662,"happy":0.13549494743347168,"neutral":0.8214380741119385,"sad":0.018110089004039764}}
