{"confidence":0.5631711483001709,"emotion":"neutral","processing_time_ms":1597.6698398590088,"scores":{"angry":0.006585220340639353,"happy":0.4235316216945648,"neutral":0.5631711483001709,"sad":0.006712048314511776}}
