{"confidence":0.8411086797714233,"emotion":"neutral","processing_time_ms":2416.969060897827,"scores":{"angry":0.023368339985609055,"happy":0.11532174050807953,"neutral":0.8411086797714233,"sad":0.020201301202178}}
