{"task":"transcribe","language":"haitian creole","duration":21.84000015258789,"text":"Hi guys, my name is Tolu and this is a video translation demonstration video that I'm going to be using to translate from English to Spanish or French or Portuguese or Swahili or Korean or Japanese. Thank you.","segments":[{"id":0,"seek":0,"start":0.0,"end":20.0,"text":" Hi guys, my name is Tolu and this is a video translation demonstration video that I'm going to be using to translate from English to Spanish or French or Portuguese or Swahili or Korean or Japanese. Thank you.","tokens":[50364,2421,1074,11,452,1315,307,21402,84,293,341,307,257,960,12853,16520,960,300,286,478,516,281,312,1228,281,13799,490,3669,281,8058,420,5522,420,22759,420,3926,545,2312,420,6933,420,5433,13,1044,291,13,51364],"temperature":0.0,"avg_logprob":-0.4389326870441437,"compression_ratio":1.4217686653137207,"no_speech_prob":0.014010046608746052}],"usage":{"type":"duration","seconds":22}}
